{
  "1": {
    "constant": -0.6392635049236001,
    "sid": 1
  },
  "2": {
    "constant": -0.6099046074895091,
    "sid": 2
  },
  "3": {
    "constant": -0.5639626340616577,
    "sid": 3
  },
  "4": {
    "constant": -0.4851562134921794,
    "sid": 4
  },
  "5": {
    "constant": -0.9728093921413087,
    "sid": 5
  },
  "6": {
    "constant": -0.5166470492910911,
    "sid": 6
  },
  "7": {
    "constant": -0.4643568014172472,
    "sid": 7
  },
  "8": {
    "constant": -0.4834795452809739,
    "sid": 8
  },
  "9": {
    "constant": -0.49847931398242323,
    "sid": 9
  },
  "10": {
    "constant": -0.6382897493009599,
    "sid": 10
  },
  "11": {
    "constant": -0.5842853317318831,
    "sid": 11
  },
  "12": {
    "constant": -0.6685059510434466,
    "sid": 12
  },
  "13": {
    "constant": -0.4271785333566703,
    "sid": 13
  },
  "14": {
    "constant": -0.3611936633811652,
    "sid": 14
  },
  "15": {
    "constant": -0.3490878617828811,
    "sid": 15
  },
  "16": {
    "constant": -0.5634248551781182,
    "sid": 16
  },
  "17": {
    "constant": -0.6640245721274,
    "sid": 17
  },
  "18": {
    "constant": -0.6761017879093884,
    "sid": 18
  },
  "19": {
    "constant": -0.3943403441985961,
    "sid": 19
  },
  "21": {
    "constant": -0.46158149429980044,
    "sid": 21
  },
  "22": {
    "constant": -0.5340280834852508,
    "sid": 22
  },
  "23": {
    "constant": -0.6457593929398829,
    "sid": 23
  },
  "24": {
    "constant": -0.7071891688693971,
    "sid": 24
  },
  "25": {
    "constant": -0.5795207471271697,
    "sid": 25
  },
  "26": {
    "constant": -0.5700252915328573,
    "sid": 26
  },
  "27": {
    "constant": -0.4879761055237244,
    "sid": 27
  },
  "28": {
    "constant": -0.670909036274967,
    "sid": 28
  },
  "29": {
    "constant": -0.4568183682992565,
    "sid": 29
  },
  "30": {
    "constant": -0.3849053888465201,
    "sid": 30
  },
  "31": {
    "constant": -0.3664293931045166,
    "sid": 31
  },
  "32": {
    "constant": -0.3944363047549474,
    "sid": 32
  },
  "33": {
    "constant": -0.3898051361140587,
    "sid": 33
  },
  "34": {
    "constant": -0.4352112548399456,
    "sid": 34
  },
  "35": {
    "constant": -0.5675106017837999,
    "sid": 35
  },
  "36": {
    "constant": -0.44146315082328624,
    "sid": 36
  },
  "37": {
    "constant": -0.34237829133924336,
    "sid": 37
  },
  "38": {
    "constant": -0.3662905803178146,
    "sid": 38
  },
  "39": {
    "constant": -0.30558616600390626,
    "sid": 39
  },
  "40": {
    "constant": -0.4296658560311727,
    "sid": 40
  },
  "41": {
    "constant": -0.3900059285128378,
    "sid": 41
  },
  "42": {
    "constant": -0.4013203188948118,
    "sid": 42
  },
  "43": {
    "constant": -0.30086232414780933,
    "sid": 43
  },
  "44": {
    "constant": -0.3523566105287638,
    "sid": 44
  },
  "45": {
    "constant": -0.6853864497613572,
    "sid": 45
  },
  "46": {
    "constant": -0.607799296986913,
    "sid": 46
  },
  "47": {
    "constant": -0.3186561020094367,
    "sid": 47
  },
  "48": {
    "constant": -0.15161648269196007,
    "sid": 48
  },
  "49": {
    "constant": -0.23124674683973018,
    "sid": 49
  },
  "50": {
    "constant": -0.22459825464069105,
    "sid": 50
  },
  "51": {
    "constant": -0.2905927069538288,
    "sid": 51
  },
  "52": {
    "constant": -0.5368897297462126,
    "sid": 52
  },
  "53": {
    "constant": -0.5455574536497229,
    "sid": 53
  },
  "54": {
    "constant": -0.392640623182769,
    "sid": 54
  },
  "55": {
    "constant": -0.3398035755211382,
    "sid": 55
  },
  "56": {
    "constant": -0.3685382183969979,
    "sid": 56
  },
  "57": {
    "constant": -0.3087321863734725,
    "sid": 57
  },
  "58": {
    "constant": -0.33186099987059137,
    "sid": 58
  },
  "59": {
    "constant": -0.2246724056784727,
    "sid": 59
  },
  "60": {
    "constant": -0.3046459009551291,
    "sid": 60
  },
  "61": {
    "constant": -0.16746792378112013,
    "sid": 61
  },
  "62": {
    "constant": -0.0798262359812506,
    "sid": 62
  },
  "63": {
    "constant": -0.14754863839012713,
    "sid": 63
  },
  "64": {
    "constant": -0.2783728367127423,
    "sid": 64
  },
  "65": {
    "constant": -0.4878827618768443,
    "sid": 65
  },
  "66": {
    "constant": -0.4980690034538563,
    "sid": 66
  },
  "67": {
    "constant": -0.478249241734751,
    "sid": 67
  },
  "68": {
    "constant": -0.1863873816175885,
    "sid": 68
  },
  "69": {
    "constant": -0.1378940301824986,
    "sid": 69
  },
  "70": {
    "constant": -0.09154998794853443,
    "sid": 70
  },
  "71": {
    "constant": -0.20720492082632977,
    "sid": 71
  },
  "72": {
    "constant": -0.1940953514727237,
    "sid": 72
  },
  "73": {
    "constant": -0.33545227685771695,
    "sid": 73
  },
  "74": {
    "constant": -0.17891230901577615,
    "sid": 74
  },
  "75": {
    "constant": -0.28094804771121334,
    "sid": 75
  },
  "76": {
    "constant": -0.20597051044824438,
    "sid": 76
  },
  "77": {
    "constant": -0.5557294123370096,
    "sid": 77
  },
  "78": {
    "constant": 0.06680699663050937,
    "sid": 78
  },
  "79": {
    "constant": -0.19357738303827982,
    "sid": 79
  },
  "80": {
    "constant": -0.1461667204101212,
    "sid": 80
  },
  "81": {
    "constant": -0.06959864680862038,
    "sid": 81
  },
  "82": {
    "constant": -0.3450215913595619,
    "sid": 82
  },
  "83": {
    "constant": -0.3322930315483015,
    "sid": 83
  },
  "84": {
    "constant": -0.4910839011149301,
    "sid": 84
  },
  "85": {
    "constant": -0.3174989744777643,
    "sid": 85
  },
  "86": {
    "constant": -0.005207099416928845,
    "sid": 86
  },
  "87": {
    "constant": -0.20632316828320985,
    "sid": 87
  },
  "88": {
    "constant": -0.030231622830618393,
    "sid": 88
  },
  "89": {
    "constant": -0.11643593927433243,
    "sid": 89
  },
  "90": {
    "constant": -0.21600684404325937,
    "sid": 90
  },
  "91": {
    "constant": -0.35664605019240003,
    "sid": 91
  },
  "92": {
    "constant": -0.288202631328489,
    "sid": 92
  },
  "93": {
    "constant": -0.22191252873335768,
    "sid": 93
  },
  "94": {
    "constant": -0.2630672651478861,
    "sid": 94
  },
  "95": {
    "constant": -0.3120827525190992,
    "sid": 95
  },
  "96": {
    "constant": -0.2897847106340846,
    "sid": 96
  },
  "97": {
    "constant": -0.29510724056125476,
    "sid": 97
  },
  "98": {
    "constant": -0.13554029149270347,
    "sid": 98
  },
  "99": {
    "constant": -0.14152281727316723,
    "sid": 99
  },
  "101": {
    "constant": -0.1538530084458796,
    "sid": 101
  },
  "102": {
    "constant": -0.2973940718244169,
    "sid": 102
  },
  "103": {
    "constant": -0.3489471419641016,
    "sid": 103
  },
  "104": {
    "constant": -0.210536402562984,
    "sid": 104
  },
  "105": {
    "constant": -0.14126163633017375,
    "sid": 105
  },
  "106": {
    "constant": -0.05993128903417505,
    "sid": 106
  },
  "107": {
    "constant": -0.14814411438567557,
    "sid": 107
  },
  "108": {
    "constant": -0.21236513970656945,
    "sid": 108
  },
  "109": {
    "constant": -0.3903757018745716,
    "sid": 109
  },
  "110": {
    "constant": -0.0971289803182935,
    "sid": 110
  },
  "111": {
    "constant": -0.2611437162464957,
    "sid": 111
  },
  "112": {
    "constant": -0.6585306382941494,
    "sid": 112
  },
  "113": {
    "constant": -0.4667134839509727,
    "sid": 113
  },
  "114": {
    "constant": -0.27523161293434967,
    "sid": 114
  },
  "115": {
    "constant": -0.06534974238790361,
    "sid": 115
  },
  "116": {
    "constant": -0.03717819820462226,
    "sid": 116
  },
  "117": {
    "constant": -0.14413878552041562,
    "sid": 117
  },
  "118": {
    "constant": -0.10982370040287978,
    "sid": 118
  },
  "119": {
    "constant": -0.08714511668425341,
    "sid": 119
  },
  "120": {
    "constant": -0.12767182791619958,
    "sid": 120
  },
  "121": {
    "constant": -0.22430195268739206,
    "sid": 121
  },
  "122": {
    "constant": -0.2339445585653493,
    "sid": 122
  },