{
  "3": {
    "constant": -9.844190539581276e-16,
    "sid": 3
  },
  "4": {
    "constant": 1.4777515937119374e-16,
    "sid": 4
  },
  "5": {
    "constant": -1.780853163626726,
    "sid": 5
  },
  "6": {
    "constant": -0.17944742288991034,
    "sid": 6
  },
  "8": {
    "constant": -0.23182941296673498,
    "sid": 8
  },
  "9": {
    "constant": -0.36147246466806376,
    "sid": 9
  },
  "10": {
    "constant": -0.4913933201671967,
    "sid": 10
  },
  "11": {
    "constant": -0.14953571244819064,
    "sid": 11
  },
  "12": {
    "constant": -0.3520781711592405,
    "sid": 12
  },
  "13": {
    "constant": -0.1256734875727954,
    "sid": 13
  },
  "14": {
    "constant": -0.4347631513279467,
    "sid": 14
  },
  "15": {
    "constant": -0.15428888546496455,
    "sid": 15
  },
  "16": {
    "constant": -0.4852873358143111,
    "sid": 16
  },
  "17": {
    "constant": -0.055405555938690565,
    "sid": 17
  },
  "18": {
    "constant": 0.026518389790638766,
    "sid": 18
  },
  "20": {
    "constant": 3.270498814155492e-15,
    "sid": 20
  },
  "21": {
    "constant": -0.34580494057805516,
    "sid": 21
  },
  "22": {
    "constant": -0.2888508326865198,
    "sid": 22
  },
  "23": {
    "constant": -0.7883132714617705,
    "sid": 23
  },
  "25": {
    "constant": -0.12890277451867804,
    "sid": 25
  },
  "26": {
    "constant": -0.04142487507387291,
    "sid": 26
  },
  "27": {
    "constant": -0.08594300939216748,
    "sid": 27
  },
  "28": {
    "constant": -0.4240329137415658,
    "sid": 28
  },
  "29": {
    "constant": -0.14606434325584394,
    "sid": 29
  },
  "30": {
    "constant": -0.3052001358343304,
    "sid": 30
  },
  "31": {
    "constant": -0.041670258460103214,
    "sid": 31
  },
  "32": {
    "constant": -0.2090284722719511,
    "sid": 32
  },
  "33": {
    "constant": -0.4299544774287974,
    "sid": 33
  },
  "34": {
    "constant": -0.35146059152158987,
    "sid": 34
  },
  "35": {
    "constant": -0.2978855539205017,
    "sid": 35
  },
  "36": {
    "constant": -0.4040381548419352,
    "sid": 36
  },
  "37": {
    "constant": -0.03470927829399606,
    "sid": 37
  },
  "38": {
    "constant": -0.5480275222747456,
    "sid": 38
  },
  "39": {
    "constant": 0.1831648548424415,
    "sid": 39
  },
  "40": {
    "constant": -0.4849903326584333,
    "sid": 40
  },
  "41": {
    "constant": -0.030949077810870862,
    "sid": 41
  },
  "42": {
    "constant": -0.07290465812305752,
    "sid": 42
  },
  "43": {
    "constant": -0.30833240560177283,
    "sid": 43
  },
  "44": {
    "constant": -0.2549979005039216,
    "sid": 44
  },
  "45": {
    "constant": -0.44051496910131016,
    "sid": 45
  },
  "46": {
    "constant": -0.2883159163304192,
    "sid": 46
  },
  "47": {
    "constant": -0.6589109446653856,
    "sid": 47
  },
  "48": {
    "constant": -0.08556574454523497,
    "sid": 48
  },
  "49": {
    "constant": -0.23114503336171457,
    "sid": 49
  },
  "50": {
    "constant": -0.10795318774663026,
    "sid": 50
  },
  "51": {
    "constant": -0.21722138758339518,
    "sid": 51
  },
  "52": {
    "constant": -0.3263617743128458,
    "sid": 52
  },
  "53": {
    "constant": -0.10808133968243666,
    "sid": 53
  },
  "54": {
    "constant": -0.2612299175389592,
    "sid": 54
  },
  "55": {
    "constant": -0.20950893171705803,
    "sid": 55
  },
  "56": {
    "constant": -0.26791231641248825,
    "sid": 56
  },
  "57": {
    "constant": -0.655379943955404,
    "sid": 57
  },
  "58": {
    "constant": -0.2965695600694971,
    "sid": 58
  },
  "59": {
    "constant": 0.11676356595012727,
    "sid": 59
  },
  "60": {
    "constant": -0.18114104626119104,
    "sid": 60
  },
  "61": {
    "constant": -0.3570473426594739,
    "sid": 61
  },
  "62": {
    "constant": -0.17001992315263198,
    "sid": 62
  },
  "63": {
    "constant": -0.0669166222566254,
    "sid": 63
  },
  "64": {
    "constant": -0.10308149714295323,
    "sid": 64
  },
  "65": {
    "constant": -0.8934274674250092,
    "sid": 65
  },
  "66": {
    "constant": -0.3763398726766922,
    "sid": 66
  },
  "67": {
    "constant": -0.026523719767813064,
    "sid": 67
  },
  "68": {
    "constant": -0.010138163578903847,
    "sid": 68
  },
  "69": {
    "constant": -0.14641383322552853,
    "sid": 69
  },
  "70": {
    "constant": -0.40414012502505503,
    "sid": 70
  },
  "71": {
    "constant": -0.06543761607362061,
    "sid": 71
  },
  "72": {
    "constant": -0.2934211600400134,
    "sid": 72
  },
  "73": {
    "constant": -0.35400806227328413,
    "sid": 73
  },
  "75": {
    "constant": -0.0016411534493660507,
    "sid": 75
  },
  "76": {
    "constant": -0.36710714476378303,
    "sid": 76
  },
  "79": {
    "constant": -0.026336651455111215,
    "sid": 79
  },
  "80": {
    "constant": -0.2200372005704016,
    "sid": 80
  },
  "81": {
    "constant": 0.012652615099639164,
    "sid": 81
  },
  "82": {
    "constant": -0.1906222050483068,
    "sid": 82
  },
  "83": {
    "constant": -0.3751177593152156,
    "sid": 83
  },
  "84": {
    "constant": -0.8191564898348169,
    "sid": 84
  },
  "85": {
    "constant": -0.11133265833550557,
    "sid": 85
  },
  "86": {
    "constant": -0.009530624669820464,
    "sid": 86
  },
  "87": {
    "constant": -0.7766269423315459,
    "sid": 87
  },
  "88": {
    "constant": -0.22406207384304333,
    "sid": 88
  },
  "89": {
    "constant": -0.2698552764230639,
    "sid": 89
  },
  "90": {
    "constant": -0.07759609194006796,
    "sid": 90
  },
  "91": {
    "constant": -0.5115939383813167,
    "sid": 91
  },
  "92": {
    "constant": 0.03245229425387225,
    "sid": 92
  },
  "93": {
    "constant": -0.16116311085296625,
    "sid": 93
  },
  "95": {
    "constant": -0.1234065707521051,
    "sid": 95
  },
  "96": {
    "constant": -0.006970648051054948,
    "sid": 96
  },
  "97": {
    "constant": -0.22206561388192123,
    "sid": 97
  },
  "98": {
    "constant": -0.22902674965843875,
    "sid": 98
  },
  "99": {
    "constant": -0.2353237337827917,
    "sid": 99
  },
  "100": {
    "constant": -0.539513083839851,
    "sid": 100
  },
  "101": {
    "constant": -0.7315583989645617,
    "sid": 101
  },
  "102": {
    "constant": -0.4696397565059456,
    "sid": 102
  },
  "103": {
    "constant": 0.02370661249509564,
    "sid": 103
  },
  "104": {
    "constant": -0.33868433352407845,
    "sid": 104
  },
  "105": {
    "constant": 0.25372404747828065,
    "sid": 105
  },
  "106": {
    "constant": -0.10065555678935055,
    "sid": 106
  },
  "107": {
    "constant": -0.12662844192339112,
    "sid": 107
  },
  "108": {
    "constant": -0.21858542182596974,
    "sid": 108
  },
  "109": {
    "constant": -0.049201229280654735,
    "sid": 109
  },
  "110": {
    "constant": -0.26608759292585865,
    "sid": 110
  },
  "111": {
    "constant": -0.29067306870455706,
    "sid": 111
  },
  "112": {
    "constant": -0.26031043908827156,
    "sid": 112
  },
  "113": {
    "constant": -0.09943628732701212,
    "sid": 113
  },
  "114": {
    "constant": -0.2732021894735314,
    "sid": 114
  },
  "115": {
    "constant": -0.2825957966104573,
    "sid": 115
  },
  "116": {
    "constant": -0.370875387593261,
    "sid": 116
  },
  "117": {
    "constant": -0.15391514062204187,
    "sid": 117
  },
  "118": {
    "constant": 0.03348845938462461,
    "sid": 118
  },
  "119": {
    "constant": -0.12287897417617051,
    "sid": 119
  },
  "120": {
    "constant": 0.07348048085856496,
    "sid": 120
  },
  "121": {
    "constant": -0.044324049063964754,
    "sid": 121
  },
  "122": {
    "constant": -0.22294124034846777,
    "sid": 122
  },
  "123": {
    "constant": -0.29061990489278766,
    "sid": 123
  },
  "124": {
    "constant": -0.06995843862372678,
    "sid": 124
  },
  "125": {
    "constant": -0.22344244660537804,
    "sid": 125
  },
  "126": {
    "constant": -0.07431545722837951,
    "sid": 126
  },
  "127": {
    "constant": -0.3051186872844297,
    "sid": 127
  },
  "128": {
    "constant": -0.5808804505637568,
    "sid": 128
  },